name,email,zipcode,job
Caleb Johnson,yjarvis@example.org,10628,"Civil engineer, consulting"
Phillip Smith,bsmith@example.net,01829,Translator
Cynthia Olson,abigail12@example.net,95308,Volunteer coordinator
Dennis Lewis,vmay@example.com,09706,Herpetologist
Michael Crosby,zjohnson@example.org,14259,Waste management officer
Jeffrey Saunders DDS,edwin98@example.net,42424,Animal nutritionist
Nancy Baldwin,kimberlyherrera@example.org,79934,Science writer
Angela Rojas,richardsims@example.org,52974,Chiropodist
Craig Bartlett,garciakristine@example.org,93708,English as a second language teacher
Emily Harris,martinjames@example.com,87949,"Designer, textile"
Amy Atkins,grantcarla@example.net,05356,Tax adviser
Charles Chung,kaitlyn68@example.com,84359,Visual merchandiser
Samantha Barnett,riceashley@example.net,61327,Production manager
Nancy Brown,mercerwilliam@example.net,02483,Government social research officer
Keith Daugherty,millermegan@example.net,09598,"Therapist, speech and language"
Debra Thompson,hpark@example.com,86907,"Designer, graphic"
Albert Richardson,emilydennis@example.com,09640,Theatre director
Leslie Harris,jaclynduncan@example.com,84178,Accounting technician
Christina Dean,shaun66@example.org,25338,"Engineer, civil (contracting)"
Joe Weiss,simsrobert@example.net,51179,"Designer, blown glass/stained glass"
Krystal Hunt,michaelstanley@example.net,72597,Leisure centre manager
Sheila Simon PhD,jessica75@example.com,73386,Clinical research associate
Jamie Vaughn,nmullins@example.com,22541,Multimedia programmer
Felicia Craig,hking@example.net,65867,"Librarian, public"
Ann Mccarty,jenniferlopez@example.net,21114,Multimedia specialist
Jasmine Howell,colleen74@example.org,08402,Furniture conservator/restorer
Steven Guzman,jamestracy@example.net,62085,Clinical biochemist
John Phillips,xwells@example.org,87706,Clinical psychologist
Scott Gray,staceyvasquez@example.org,61838,"Psychologist, educational"
Anna Chambers,chandlerdavid@example.com,92968,"Scientist, physiological"
Brandon Phillips,emily57@example.com,52942,Commercial art gallery manager
Theresa Young,patricia97@example.org,93109,Tax inspector
Hannah Hunter,lauren68@example.net,22304,Tour manager
Travis Bennett,walkertaylor@example.com,09817,Community arts worker
Kimberly Brennan,michelle78@example.com,65858,Public affairs consultant
Sarah Garcia,farmeranthony@example.org,58784,Video editor
Kendra Waller,hjohnson@example.org,83000,"Research officer, government"
James Acevedo,armstrongkent@example.com,62998,"Social research officer, government"
Elizabeth Maldonado,langsharon@example.net,56456,Meteorologist
Tracey Ramirez,david75@example.net,60792,Physiological scientist
Jonathon Matthews,claytonramirez@example.com,68324,Recruitment consultant
Kimberly Jones,jesus05@example.com,03621,"Engineer, mining"
Heather Mcdaniel,millersavannah@example.net,27313,Seismic interpreter
Lindsey Grimes,klee@example.org,80068,Acupuncturist
Ronald Pennington,frostveronica@example.net,12272,Chief of Staff
David Benjamin,krystal40@example.com,23704,Manufacturing engineer
Donna Green,stephaniehoover@example.net,10123,Retail manager
Amy Berg,mariapope@example.com,16298,Insurance claims handler
Elizabeth Ramirez,webbjennifer@example.com,85928,Art therapist
Lisa Stephens,dcastaneda@example.org,36673,Marketing executive
Shari Rojas,harold40@example.net,23828,Insurance underwriter
Andrew Burke,dylan04@example.net,40110,Office manager
Kevin Jones,jamiewilliams@example.net,42674,Chartered accountant
Scott Morales,iharris@example.com,00728,Chief Executive Officer
Christopher Patrick,kurt89@example.org,56460,Soil scientist
Michelle Murphy,zcampbell@example.net,33531,Banker
Nicole Terry,devinrobertson@example.org,51781,Media planner
Sara Walker,christymorrison@example.net,97304,Community pharmacist
Jacqueline Terry,robertsoto@example.net,61645,"Engineer, drilling"
Ana Berg,riverapaul@example.com,36801,Television production assistant
Mary Johnson,fgriffith@example.com,86073,Occupational therapist
Betty Mitchell,emcgee@example.com,28455,Plant breeder/geneticist
Mark Stout,briangates@example.com,90344,Textile designer
Travis Peters,davidhoover@example.net,49054,"Pharmacist, hospital"
Michael Henderson,meganward@example.net,00696,IT trainer
Jennifer Lee,tylergilmore@example.org,91301,Forest/woodland manager
Emily Robinson,tommy86@example.org,53355,Human resources officer
Tyler Ortiz,kthomas@example.net,69882,Public house manager
Shannon Ford,bondspencer@example.net,38911,Financial manager
John Cox,jill30@example.com,42227,Multimedia specialist
Kenneth Ball,bhendrix@example.org,78623,Architectural technologist
Christopher Bailey,jessicaanderson@example.com,47009,Chartered public finance accountant
Jeremy Flynn,tara71@example.org,79623,"Engineer, materials"
John Henry,davidgarcia@example.net,09655,Dance movement psychotherapist
Jeffrey Patel,thompsonjason@example.net,89026,Land/geomatics surveyor
Mary Chase,patriciawilson@example.org,82956,Ship broker
Tami Waters,angela87@example.org,73215,Applications developer
Brian Bradley,zjames@example.com,06147,Hospital pharmacist
Patrick Johnson,jamesmartinez@example.net,46188,"Journalist, newspaper"
Kyle Rodriguez,scott83@example.net,95473,Environmental health practitioner
Maria Peters,xbrown@example.org,79629,"Scientist, research (maths)"
Kevin Navarro,oliviaanderson@example.org,84499,Geophysical data processor
Melissa Burton,nathaniel30@example.com,93324,Multimedia specialist
Kylie Davis,rogersveronica@example.org,47929,"Pharmacist, community"
Vanessa Gomez,gary48@example.com,73360,Pharmacologist
Dana Wood,tracybarry@example.net,15734,Associate Professor
Garrett Shannon,cody73@example.com,68237,Logistics and distribution manager
Felicia Merritt,michellemiddleton@example.com,18266,Automotive engineer
Nathan Ramirez,kelsey65@example.org,41533,"Investment banker, corporate"
Richard Hudson,rose23@example.org,25177,"Conservator, furniture"
Lori Diaz,rodriguezjoseph@example.net,68866,Bookseller
David Bender,valdezjames@example.net,06105,"Conservation officer, nature"
Kevin Baird,kchambers@example.org,39028,Field seismologist
Marc Elliott,samuelrodriguez@example.net,40268,Furniture designer
Brendan Fox,katherinerasmussen@example.net,56033,Printmaker
Carla Bridges,danielscorey@example.com,62123,Accommodation manager
Seth Acevedo,chad67@example.net,64712,"Horticulturist, commercial"
Jeremy Garcia,fosterjohn@example.net,82421,Petroleum engineer
Jasmin Morgan,daniel54@example.net,85791,"Sound technician, broadcasting/film/video"
David Novak,mariaperry@example.org,56868,"Psychotherapist, dance movement"
